<?xml version="1.0" encoding="UTF-8" standalone="yes"?>
<handlerPropertyHolder>
    <handlers>
        <async>true</async>
        <description>測定シーケンスを制御する。アベレージ、リピート、シングル、InBand測定を行う</description>
        <externalClass>TestSequencer.start</externalClass>
        <ids>ID_START_AVERAGING_TEST</ids>
        <name>TestHandler</name>
    </handlers>
    <handlers>
        <async>false</async>
        <description>解析を実行する</description>
        <externalClass>Analysis.execute</externalClass>
        <ids>ID_OSA_GLOBAL_NDB</ids>
        <ids>ID_OSA_GLOBAL_NOISE_BW</ids>
        <ids>ID_OSA_PF_GAIN_TILT_LIMIT</ids>
        <name>AnalysisHandler</name>
    </handlers>
    <handlers>
        <async>false</async>
        <description>アクティブ波形を変更してグラフに描画するアクティブ波形を更新する。</description>
        <externalClass>TraceManager.changeActive</externalClass>
        <ids>ID_OSA_ACTIVE_TRACE</ids>
        <name>TraceChangeHandler</name>
    </handlers>
    <handlers>
        <async>true</async>
        <description>ドリフト測定を実行する</description>
        <externalClass>TestSequencer.execute</externalClass>
        <ids>ID_START_TRIAL_TEST</ids>
        <name>DriftTestHandler</name>
    </handlers>
    <handlers>
        <async>false</async>
        <description>ファイルを保存する</description>
        <externalClass>FileManager.save</externalClass>
        <ids>ID_START_AUTO_SAVE</ids>
        <name>SaveHandler</name>
    </handlers>
    <handlers>
        <async>false</async>
        <description>距離単位を変更する</description>
        <externalClass>OtdrDistanceUnit.execute</externalClass>
        <ids></ids>
        <ids></ids>
        <ids></ids>
        <ids></ids>
        <ids></ids>
        <ids>ID_OTDR_DISTANCEUNIT</ids>
        <name>NewHandler</name>
    </handlers>
    <handlers>
        <async>false</async>
        <description>測定を停止する</description>
        <externalClass>TestSequencer.stop</externalClass>
        <ids>ID_STOP_TEST</ids>
        <name>NewHandler</name>
    </handlers>
    <handlers>
        <async>true</async>
        <description>OTDR測定を実行する</description>
        <externalClass>OtdrTester.start</externalClass>
        <ids>ID_OTDR_START_STOP</ids>
        <name>NewHandler</name>
    </handlers>
    <handlers>
        <async>false</async>
        <description>波長設定する</description>
        <externalClass>Wavelength.execute</externalClass>
        <ids></ids>
        <ids></ids>
        <ids></ids>
        <ids>ID_OSA_START_WAVELENGTH_NM</ids>
        <name>NewHandler</name>
    </handlers>
    <handlers>
        <async>false</async>
        <description>初期化</description>
        <externalClass>BackgroundMonitor.start</externalClass>
        <ids>ID_INITIALIZE</ids>
        <name>NewHandler</name>
    </handlers>
</handlerPropertyHolder>
