<?xml version="1.0" encoding="UTF-8" standalone="yes"?>
<layoutHolder>
    <layouts>
        <entry>
            <key>Inspection</key>
            <value>
                <elements>
                    <description>;-layout:Flow;-width:1000</description>
                    <id></id>
                    <layout>
                        <elements>
                            <description>-width:1000</description>
                            <id>ID_OSA_INSPECTION_CONTROL_ENABLE</id>
                            <layout/>
                            <style>-fx-font-size:40</style>
                            <widgetType>Check Box</widgetType>
                        </elements>
                        <elements>
                            <description></description>
                            <id>ID_OSA_INSPECTION_LEVELCAL_ENABLE</id>
                            <layout/>
                            <style></style>
                            <widgetType>Check Box</widgetType>
                        </elements>
                        <elements>
                            <description></description>
                            <id>ID_OSA_INSPECTION_WLCAL_ENABLE</id>
                            <layout/>
                            <style></style>
                            <widgetType>Check Box</widgetType>
                        </elements>
                        <elements>
                            <description></description>
                            <id>ID_OSA_INSPECTION_OFFSET_ENABLE</id>
                            <layout/>
                            <style></style>
                            <widgetType>Check Box</widgetType>
                        </elements>
                        <elements>
                            <description></description>
                            <id>ID_OSA_INSPECTION_WLCAL_EXECUTE</id>
                            <layout/>
                            <style>-fx-padding:1;</style>
                            <widgetType>Button</widgetType>
                        </elements>
                        <elements>
                            <description></description>
                            <id>ID_OSA_INSPECTION_AUTO_RANGE_ENABLE</id>
                            <layout/>
                            <style></style>
                            <widgetType>Check Box</widgetType>
                        </elements>
                        <elements>
                            <description></description>
                            <id>ID_OSA_INSPECTION_MOTOR_CONTROL_ENABLE</id>
                            <layout/>
                            <style></style>
                            <widgetType>Check Box</widgetType>
                        </elements>
                        <elements>
                            <description></description>
                            <id>ID_OSA_INSPECTION_LIGHTSOURCE_ENABLE</id>
                            <layout/>
                            <style></style>
                            <widgetType>Check Box</widgetType>
                        </elements>
                        <elements>
                            <description></description>
                            <id>ID_OSA_INSPECTION_OPTSWITCH_ENABLE</id>
                            <layout/>
                            <style></style>
                            <widgetType>Check Box</widgetType>
                        </elements>
                        <elements>
                            <description></description>
                            <id>ID_OSA_INSPECTION_POLALIZATION_ENABLE</id>
                            <layout/>
                            <style></style>
                            <widgetType>Check Box</widgetType>
                        </elements>
                        <elements>
                            <description></description>
                            <id>ID_OSA_INSPECTION_DETECTERROR_ENABLE</id>
                            <layout/>
                            <style></style>
                            <widgetType>Check Box</widgetType>
                        </elements>
                        <elements>
                            <description></description>
                            <id>ID_OSA_INSPECTION_WLCAL_LEVELCAL_EXECUTE</id>
                            <layout/>
                            <style></style>
                            <widgetType>Button</widgetType>
                        </elements>
                        <elements>
                            <description></description>
                            <id>ID_OSA_INSPECTION_CAL_COMPLETE</id>
                            <layout/>
                            <style></style>
                            <widgetType>Button</widgetType>
                        </elements>
                        <elements>
                            <description></description>
                            <id>ID_OSA_INSPECTION_OFFSET_EXECUTE</id>
                            <layout/>
                            <style></style>
                            <widgetType>Button</widgetType>
                        </elements>
                        <elements>
                            <description></description>
                            <id>ID_OSA_INSPECTION_MOTOR_INITIALIZE_EXECUTE</id>
                            <layout/>
                            <style></style>
                            <widgetType>Button</widgetType>
                        </elements>
                        <elements>
                            <description></description>
                            <id>ID_OSA_INSPECTION_MOTOR_ZEROSET_EXECUTE</id>
                            <layout/>
                            <style></style>
                            <widgetType>Button</widgetType>
                        </elements>
                        <elements>
                            <description></description>
                            <id>ID_OSA_INSPECTION_MOTOR_SET_POSITION</id>
                            <layout/>
                            <style></style>
                            <widgetType>Text Box</widgetType>
                        </elements>
                        <elements>
                            <description></description>
                            <id>ID_OSA_INSPECTION_MOTOR_MOVE_POSITION_EXECUTE</id>
                            <layout/>
                            <style></style>
                            <widgetType>Button</widgetType>
                        </elements>
                        <elements>
                            <description></description>
                            <id>ID_OSA_INSPECTION_MOTOR_MOVE_REL_POSITION_EXECUTE</id>
                            <layout/>
                            <style></style>
                            <widgetType>Button</widgetType>
                        </elements>
                        <elements>
                            <description></description>
                            <id>ID_OSA_INSPECTION_MOTOR_SET_WAVELENGTH</id>
                            <layout/>
                            <style></style>
                            <widgetType>Text Box</widgetType>
                        </elements>
                        <elements>
                            <description></description>
                            <id>ID_OSA_INSPECTION_MOTOR_MOVE_WAVELENGTH_EXECUTE</id>
                            <layout/>
                            <style></style>
                            <widgetType>Button</widgetType>
                        </elements>
                        <elements>
                            <description></description>
                            <id>ID_OSA_INSPECTION_MOTOR_MOVE_START_WAVELENGTH_EXECUTE</id>
                            <layout/>
                            <style></style>
                            <widgetType>Button</widgetType>
                        </elements>
                        <elements>
                            <description></description>
                            <id>ID_OSA_INSPECTION_MOTOR_MOVE_STOP_WAVELENGTH_EXECUTE</id>
                            <layout/>
                            <style></style>
                            <widgetType>Button</widgetType>
                        </elements>
                        <elements>
                            <description></description>
                            <id>ID_OSA_INSPECTION_MOTOR_GET_POSITION_EXECUTE</id>
                            <layout/>
                            <style></style>
                            <widgetType>Button</widgetType>
                        </elements>
                        <elements>
                            <description></description>
                            <id>ID_OSA_INSPECTION_MOTOR_ENCODER_POSITION</id>
                            <layout/>
                            <style></style>
                            <widgetType>Text Box</widgetType>
                        </elements>
                        <elements>
                            <description></description>
                            <id>ID_OSA_INSPECTION_MOTOR_GET_ZEROPOSITION_EXECUTE</id>
                            <layout/>
                            <style></style>
                            <widgetType>Button</widgetType>
                        </elements>
                        <elements>
                            <description></description>
                            <id>ID_OSA_INSPECTION_MOTOR_ZERO_POSITION</id>
                            <layout/>
                            <style></style>
                            <widgetType>Text Box</widgetType>
                        </elements>
                        <elements>
                            <description></description>
                            <id>ID_OSA_INSPECTION_MOTOR_EMERGENCY_ENABLE</id>
                            <layout/>
                            <style></style>
                            <widgetType>Check Box</widgetType>
                        </elements>
                        <elements>
                            <description></description>
                            <id>ID_OSA_INSPECTION_POLARIZATION</id>
                            <layout/>
                            <style></style>
                            <widgetType>Combo Box</widgetType>
                        </elements>
                        <elements>
                            <description></description>
                            <id>ID_OSA_INSPECTION_POLARIZATION_SET_EXECUTE</id>
                            <layout/>
                            <style></style>
                            <widgetType>Button</widgetType>
                        </elements>
                        <elements>
                            <description></description>
                            <id>ID_OSA_INSPECTION_OPTSWITCH</id>
                            <layout/>
                            <style></style>
                            <widgetType>Radio Buttons</widgetType>
                        </elements>
                        <elements>
                            <description></description>
                            <id>ID_OSA_INSPECTION_OPTSWITCH_SET_EXECUTE</id>
                            <layout/>
                            <style></style>
                            <widgetType>Button</widgetType>
                        </elements>
                        <elements>
                            <description></description>
                            <id>ID_OSA_INSPECTION_LIGHTSOURCE</id>
                            <layout/>
                            <style></style>
                            <widgetType>Toggle Buttons</widgetType>
                        </elements>
                        <elements>
                            <description></description>
                            <id>ID_OSA_INSPECTION_LIGHTSOURCE_TYPE</id>
                            <layout/>
                            <style></style>
                            <widgetType>Function Key</widgetType>
                        </elements>
                        <elements>
                            <description></description>
                            <id>ID_OSA_INSPECTION_LIGTHSOURCE_SET_EXECUTE</id>
                            <layout/>
                            <style>-fx-graphic:url('file:c:///Project/workspace/icons/icon_112720_16.png');</style>
                            <widgetType>Button</widgetType>
                        </elements>
                        <elements>
                            <description></description>
                            <id>ID_OSA_INSPECTION_LIGTHSOURCE_GET_POWER_EXECUTE</id>
                            <layout/>
                            <style></style>
                            <widgetType>Button</widgetType>
                        </elements>
                        <elements>
                            <description></description>
                            <id>ID_OSA_INSPECTION_LIGTHSOURCE_POWER</id>
                            <layout/>
                            <style></style>
                            <widgetType>Text Box</widgetType>
                        </elements>
                        <elements>
                            <description></description>
                            <id>ID_OSA_INSPECTION_LIGTHSOURCE_GET_TEMPERATURE_EXECUTE</id>
                            <layout/>
                            <style></style>
                            <widgetType>Button</widgetType>
                        </elements>
                        <elements>
                            <description></description>
                            <id>ID_OSA_INSPECTION_LIGTHSOURCE_TEMPERATURE</id>
                            <layout/>
                            <style></style>
                            <widgetType>Text Box</widgetType>
                        </elements>
                        <elements>
                            <description></description>
                            <id>ID_OSA_INSPECTION_RANGE_CODE</id>
                            <layout/>
                            <style></style>
                            <widgetType>Text Box</widgetType>
                        </elements>
                        <elements>
                            <description></description>
                            <id>ID_OSA_INSPECTION_RANGE_SET_EXECUTE</id>
                            <layout/>
                            <style></style>
                            <widgetType>Button</widgetType>
                        </elements>
                        <elements>
                            <description></description>
                            <id>ID_OSA_INSPECTION_EEPROM_WRITE_EXECUTE</id>
                            <layout/>
                            <style></style>
                            <widgetType>Button</widgetType>
                        </elements>
                        <elements>
                            <description></description>
                            <id>ID_OSA_INSPECTION_GET_CALIBDATA_FROM_SERVER</id>
                            <layout/>
                            <style></style>
                            <widgetType>Button</widgetType>
                        </elements>
                        <elements>
                            <description></description>
                            <id>ID_OSA_INSPECTION_CLEAR_CALIBRATED_TABLES</id>
                            <layout/>
                            <style></style>
                            <widgetType>Button</widgetType>
                        </elements>
                        <elements>
                            <description></description>
                            <id>ID_OSA_INSPECTION_COPY_CALIBRATED_TABLES</id>
                            <layout/>
                            <style></style>
                            <widgetType>Button</widgetType>
                        </elements>
                        <elements>
                            <description></description>
                            <id>ID_OSA_INSPECTION_POWER_INITIALIZE_ECECUTE</id>
                            <layout/>
                            <style></style>
                            <widgetType>Button</widgetType>
                        </elements>
                        <elements>
                            <description></description>
                            <id>ID_OSA_INSPECTION_MESURE_LAST_ERROR</id>
                            <layout/>
                            <style></style>
                            <widgetType>Text Box</widgetType>
                        </elements>
                        <elements>
                            <description></description>
                            <id>ID_OSA_INSPECTION_MOTOR_ZEROSET_SQUARE_EXECUTE</id>
                            <layout/>
                            <style></style>
                            <widgetType>Button</widgetType>
                        </elements>
                        <elements>
                            <description></description>
                            <id>ID_OSA_INSPECTION_MOTOR_GET_INITROTOR_POSITION_EXECUTE</id>
                            <layout/>
                            <style></style>
                            <widgetType>Button</widgetType>
                        </elements>
                        <elements>
                            <description></description>
                            <id>ID_OSA_INSPECTION_MOTOR_INITROTOR_POSITION</id>
                            <layout/>
                            <style></style>
                            <widgetType>Text Box</widgetType>
                        </elements>
                        <elements>
                            <description>-width:200;-height:60;</description>
                            <id>ID_OSA_INSPECTION_MOTOR_STOP_EXECUTE</id>
                            <layout/>
                            <style></style>
                            <widgetType>Button</widgetType>
                        </elements>
                        <elements>
                            <description></description>
                            <id>ID_OSA_INSPECTION_START_REALTIME_MEASURE</id>
                            <layout/>
                            <style></style>
                            <widgetType>Check Box</widgetType>
                        </elements>
                        <elements>
                            <description></description>
                            <id>ID_OSA_INSPECTION_SWEEP_MODE</id>
                            <layout/>
                            <style></style>
                            <widgetType>Radio Buttons</widgetType>
                        </elements>
                        <elements>
                            <description></description>
                            <id>ID_OSA_INSPECTION_READ_REGS</id>
                            <layout/>
                            <style></style>
                            <widgetType>Button</widgetType>
                        </elements>
                        <elements>
                            <description></description>
                            <id>ID_OSA_INSPECTION_REG_POS_ERROR</id>
                            <layout/>
                            <style></style>
                            <widgetType>Text Box</widgetType>
                        </elements>
                        <elements>
                            <description></description>
                            <id>ID_OSA_INSPECTION_REG_DSIG</id>
                            <layout/>
                            <style></style>
                            <widgetType>Text Box</widgetType>
                        </elements>
                        <elements>
                            <description></description>
                            <id>ID_OSA_INSPECTION_WRITE_DSIG_REG</id>
                            <layout/>
                            <style></style>
                            <widgetType>Button</widgetType>
                        </elements>
                        <elements>
                            <description></description>
                            <id>ID_OSA_INSPECTION_REG_P</id>
                            <layout/>
                            <style></style>
                            <widgetType>Text Box</widgetType>
                        </elements>
                        <elements>
                            <description></description>
                            <id>ID_OSA_INSPECTION_REG_I</id>
                            <layout/>
                            <style></style>
                            <widgetType>Text Box</widgetType>
                        </elements>
                        <elements>
                            <description></description>
                            <id>ID_OSA_INSPECTION_REG_D</id>
                            <layout/>
                            <style></style>
                            <widgetType>Text Box</widgetType>
                        </elements>
                        <elements>
                            <description></description>
                            <id>ID_OSA_INSPECTION_REG_I_LIMIT</id>
                            <layout/>
                            <style></style>
                            <widgetType>Text Box</widgetType>
                        </elements>
                        <elements>
                            <description></description>
                            <id>ID_OSA_INSPECTION_REG_I_LIMIT_BIT</id>
                            <layout/>
                            <style></style>
                            <widgetType>Text Box</widgetType>
                        </elements>
                        <elements>
                            <description></description>
                            <id>ID_OSA_INSPECTION_REG_D_INTERVAL</id>
                            <layout/>
                            <style></style>
                            <widgetType>Text Box</widgetType>
                        </elements>
                        <elements>
                            <description></description>
                            <id>ID_OSA_INSPECTION_REG_SFACTOR_P</id>
                            <layout/>
                            <style></style>
                            <widgetType>Text Box</widgetType>
                        </elements>
                        <elements>
                            <description></description>
                            <id>ID_OSA_INSPECTION_REG_SFACTOR_I</id>
                            <layout/>
                            <style></style>
                            <widgetType>Text Box</widgetType>
                        </elements>
                        <elements>
                            <description></description>
                            <id>ID_OSA_INSPECTION_REG_SFACTOR_D</id>
                            <layout/>
                            <style></style>
                            <widgetType>Text Box</widgetType>
                        </elements>
                        <elements>
                            <description></description>
                            <id>ID_OSA_INSPECTION_REG_SFACTOR_INTV</id>
                            <layout/>
                            <style></style>
                            <widgetType>Text Box</widgetType>
                        </elements>
                        <elements>
                            <description></description>
                            <id>ID_OSA_INSPECTION_WRITE_PID_REGS</id>
                            <layout/>
                            <style></style>
                            <widgetType>Button</widgetType>
                        </elements>
                        <elements>
                            <description></description>
                            <id>ID_OSA_INSPECTION_SHOW_TRACE</id>
                            <layout/>
                            <style></style>
                            <widgetType>Button</widgetType>
                        </elements>
                        <elements>
                            <description></description>
                            <id>ID_OSA_START_WAVELENGTH</id>
                            <layout/>
                            <style></style>
                            <widgetType>Text Box</widgetType>
                        </elements>
                        <elements>
                            <description></description>
                            <id>ID_OSA_CENTER_WAVELENGTH</id>
                            <layout/>
                            <style></style>
                            <widgetType>Text Box</widgetType>
                        </elements>
                        <elements>
                            <description></description>
                            <id>ID_OSA_SPAN_WAVELENGTH</id>
                            <layout/>
                            <style></style>
                            <widgetType>Text Box</widgetType>
                        </elements>
                        <elements>
                            <description></description>
                            <id>ID_OSA_STOP_WAVELENGTH</id>
                            <layout/>
                            <style></style>
                            <widgetType>Text Box</widgetType>
                        </elements>
                        <elements>
                            <description></description>
                            <id>ID_START_AVERAGING_TEST</id>
                            <layout/>
                            <style>-fx-padding:1;</style>
                            <widgetType>Button</widgetType>
                        </elements>
                        <elements>
                            <description></description>
                            <id>ID_SOFTWARE_VERSION</id>
                            <layout/>
                            <style>-fx-padding:1;</style>
                            <widgetType>Text Box</widgetType>
                        </elements>
                    </layout>
                    <style>-fx-width:100; -fx-height:100;</style>
                    <widgetType>Pane</widgetType>
                </elements>
            </value>
        </entry>
        <entry>
            <key>Setup</key>
            <value>
                <elements>
                    <description>-width:600;</description>
                    <id></id>
                    <layout>
                        <elements>
                            <description></description>
                            <id>ID_OSA_ACTIVE_TRACE</id>
                            <layout/>
                            <style>-fx-spacing:0;-fx-padding:0;</style>
                            <widgetType>Combo Box</widgetType>
                        </elements>
                        <elements>
                            <description></description>
                            <id>ID_OSA_SWEEP_TYPE</id>
                            <layout/>
                            <style></style>
                            <widgetType>Toggle Buttons</widgetType>
                        </elements>
                        <elements>
                            <description></description>
                            <id>ID_OSA_BAND</id>
                            <layout/>
                            <style></style>
                            <widgetType>Combo Box</widgetType>
                        </elements>
                        <elements>
                            <description>-width:200</description>
                            <id>ID_OSA_START_WAVELENGTH_NM</id>
                            <layout/>
                            <style></style>
                            <widgetType>Text Box</widgetType>
                        </elements>
                        <elements>
                            <description></description>
                            <id>ID_OSA_STOP_WAVELENGTH_NM</id>
                            <layout/>
                            <style></style>
                            <widgetType>Text Box</widgetType>
                        </elements>
                        <elements>
                            <description></description>
                            <id>ID_OSA_CENTER_WAVELENGTH_NM</id>
                            <layout/>
                            <style></style>
                            <widgetType>Text Box</widgetType>
                        </elements>
                        <elements>
                            <description></description>
                            <id>ID_OSA_SPAN_WAVELENGTH_NM</id>
                            <layout/>
                            <style></style>
                            <widgetType>Text Box</widgetType>
                        </elements>
                        <elements>
                            <description></description>
                            <id>ID_OSA_AVERAGE_COUNT</id>
                            <layout/>
                            <style></style>
                            <widgetType>Text Box</widgetType>
                        </elements>
                    </layout>
                    <style>-fx-spacing:2;-fx-padding:10;</style>
                    <widgetType>Pane</widgetType>
                </elements>
                <elements>
                    <description></description>
                    <id></id>
                    <layout>
                        <elements>
                            <description></description>
                            <id>ID_JOBID</id>
                            <layout/>
                            <style></style>
                            <widgetType>Text Box</widgetType>
                        </elements>
                        <elements>
                            <description></description>
                            <id>ID_CABLEID</id>
                            <layout/>
                            <style></style>
                            <widgetType>Text Box</widgetType>
                        </elements>
                        <elements>
                            <description></description>
                            <id>ID_FIBERID</id>
                            <layout/>
                            <style></style>
                            <widgetType>Text Box</widgetType>
                        </elements>
                        <elements>
                            <description></description>
                            <id>ID_CUSTOMER</id>
                            <layout/>
                            <style></style>
                            <widgetType>Text Box</widgetType>
                        </elements>
                        <elements>
                            <description></description>
                            <id>ID_OWNER</id>
                            <layout/>
                            <style></style>
                            <widgetType>Text Box</widgetType>
                        </elements>
                        <elements>
                            <description></description>
                            <id>ID_OPERATOR</id>
                            <layout/>
                            <style></style>
                            <widgetType>Text Box</widgetType>
                        </elements>
                        <elements>
                            <description></description>
                            <id>ID_COMMENT</id>
                            <layout/>
                            <style></style>
                            <widgetType>Text Box</widgetType>
                        </elements>
                    </layout>
                    <style>-fx-spacing:3;</style>
                    <widgetType>Pane</widgetType>
                </elements>
                <elements>
                    <description></description>
                    <id></id>
                    <layout>
                        <elements>
                            <description></description>
                            <id>ID_TRACEOVERVIEW</id>
                            <layout/>
                            <style></style>
                            <widgetType>Check Box</widgetType>
                        </elements>
                        <elements>
                            <description></description>
                            <id>ID_OSA_HORIZONTAL_UNIT</id>
                            <layout/>
                            <style></style>
                            <widgetType>Toggle Buttons</widgetType>
                        </elements>
                        <elements>
                            <description></description>
                            <id>ID_OSA_VIEW_CHANNEL_RESULT</id>
                            <layout/>
                            <style></style>
                            <widgetType>Combo Box</widgetType>
                        </elements>
                        <elements>
                            <description></description>
                            <id>ID_AUTOFILENAMEENABLED</id>
                            <layout/>
                            <style></style>
                            <widgetType>Check Box</widgetType>
                        </elements>
                        <elements>
                            <description></description>
                            <id>ID_AUTOSAVESTARTNUMBER</id>
                            <layout/>
                            <style></style>
                            <widgetType>Text Box</widgetType>
                        </elements>
                        <elements>
                            <description></description>
                            <id>ID_OSA_INBAND_NOISE_TRACE_SHOW</id>
                            <layout/>
                            <style></style>
                            <widgetType>Check Box</widgetType>
                        </elements>
                    </layout>
                    <style>-fx-spacing:3;-fx-padding:4,4,4,4;</style>
                    <widgetType>Pane</widgetType>
                </elements>
                <elements>
                    <description></description>
                    <id></id>
                    <layout>
                        <elements>
                            <description></description>
                            <id>ID_CALIBRATION_MODE</id>
                            <layout/>
                            <style></style>
                            <widgetType>Toggle Buttons</widgetType>
                        </elements>
                        <elements>
                            <description></description>
                            <id>ID_CALIBRATION_INTERVAL</id>
                            <layout/>
                            <style></style>
                            <widgetType>Text Box</widgetType>
                        </elements>
                        <elements>
                            <description></description>
                            <id>ID_LEVEL_CALIBRATION_INTERVAL</id>
                            <layout/>
                            <style></style>
                            <widgetType>Text Box</widgetType>
                        </elements>
                        <elements>
                            <description></description>
                            <id>ID_LAST_SUCCESS_WAVE_CAL_DATETIME</id>
                            <layout/>
                            <style></style>
                            <widgetType>Static Label</widgetType>
                        </elements>
                        <elements>
                            <description></description>
                            <id>ID_LAST_SUCCESS_LEVEL_CAL_DATETIME</id>
                            <layout/>
                            <style></style>
                            <widgetType>Static Label</widgetType>
                        </elements>
                    </layout>
                    <style>-fx-spacing:4;</style>
                    <widgetType>Pane</widgetType>
                </elements>
                <elements>
                    <description></description>
                    <id></id>
                    <layout>
                        <elements>
                            <description></description>
                            <id>ID_OSA_START_WAVELENGTH_NM</id>
                            <layout/>
                            <style>-fx-padding:1;</style>
                            <widgetType>Text Box</widgetType>
                        </elements>
                        <elements>
                            <description></description>
                            <id>ID_OSA_STOP_WAVELENGTH_NM</id>
                            <layout/>
                            <style>-fx-padding:1;</style>
                            <widgetType>Text Box</widgetType>
                        </elements>
                        <elements>
                            <description></description>
                            <id>ID_OSA_CENTER_WAVELENGTH_NM</id>
                            <layout/>
                            <style>-fx-padding:1;</style>
                            <widgetType>Text Box</widgetType>
                        </elements>
                        <elements>
                            <description></description>
                            <id>ID_OSA_SPAN_WAVELENGTH_NM</id>
                            <layout/>
                            <style>-fx-padding:1;</style>
                            <widgetType>Text Box</widgetType>
                        </elements>
                        <elements>
                            <description></description>
                            <id>ID_MODELNUMBER</id>
                            <layout/>
                            <style>-fx-padding:1;</style>
                            <widgetType>Toggle Buttons</widgetType>
                        </elements>
                        <elements>
                            <description></description>
                            <id>ID_APPLICATIONTYPE</id>
                            <layout/>
                            <style>-fx-padding:1;</style>
                            <widgetType>Radio Buttons</widgetType>
                        </elements>
                    </layout>
                    <style>-fx-padding:5;-fx-border-width:1; -fx-border-color:lightgray;</style>
                    <widgetType>Pane</widgetType>
                </elements>
            </value>
        </entry>
        <entry>
            <key>TEST</key>
            <value>
                <elements>
                    <description></description>
                    <id></id>
                    <layout>
                        <elements>
                            <description></description>
                            <id>ID_OSA_GLOBAL_NDB</id>
                            <layout/>
                            <style></style>
                            <widgetType>Text Box</widgetType>
                        </elements>
                        <elements>
                            <description></description>
                            <id>ID_OSA_GLOBAL_NOISE_BW</id>
                            <layout/>
                            <style></style>
                            <widgetType>Text Box</widgetType>
                        </elements>
                        <elements>
                            <description></description>
                            <id>ID_OSA_RBW</id>
                            <layout/>
                            <style></style>
                            <widgetType>Combo Box</widgetType>
                        </elements>
                        <elements>
                            <description></description>
                            <id>ID_OSA_LEVEL_OFFSET</id>
                            <layout/>
                            <style></style>
                            <widgetType>Text Box</widgetType>
                        </elements>
                        <elements>
                            <description></description>
                            <id>ID_OSA_PF_CHANNEL_NOTFOUND</id>
                            <layout/>
                            <style></style>
                            <widgetType>Check Box</widgetType>
                        </elements>
                    </layout>
                    <style>-fx-spacing:3;-fx-padding:4,4,4,4;</style>
                    <widgetType>Pane</widgetType>
                </elements>
                <elements>
                    <description></description>
                    <id></id>
                    <layout>
                        <elements>
                            <description></description>
                            <id>ID_OSA_CHANNELDETECT_AUTOTHRESHOLD</id>
                            <layout/>
                            <style></style>
                            <widgetType>Check Box</widgetType>
                        </elements>
                        <elements>
                            <description></description>
                            <id>ID_OSA_CHANNELDETECT_THRESHOLD</id>
                            <layout/>
                            <style></style>
                            <widgetType>Text Box</widgetType>
                        </elements>
                        <elements>
                            <description></description>
                            <id>ID_OSA_CHANNELDETECT_DELTA_P</id>
                            <layout/>
                            <style></style>
                            <widgetType>Text Box</widgetType>
                        </elements>
                        <elements>
                            <description></description>
                            <id>ID_OSA_CHANNELDETECT_CENTER_THRESHOLD</id>
                            <layout/>
                            <style></style>
                            <widgetType>Text Box</widgetType>
                        </elements>
                        <elements>
                            <description>;-layout:Horizontal;</description>
                            <id></id>
                            <layout>
<elements>
    <description></description>
    <id>ID_GAIN_TILT_ENABLED</id>
    <layout/>
    <style>-fx-width:100; -fx-height:100;</style>
    <widgetType>Check Box</widgetType>
</elements>
<elements>
    <description></description>
    <id>ID_OSA_SUMMARY_GAINTILT</id>
    <layout/>
    <style>-fx-width:100; -fx-height:100;</style>
    <widgetType>Text Box</widgetType>
</elements>
                            </layout>
                            <style>-fx-width:100; -fx-height:100;</style>
                            <widgetType>Pane</widgetType>
                        </elements>
                    </layout>
                    <style>-fx-spacing:3;-fx-padding:4,4,4,4;</style>
                    <widgetType>Pane</widgetType>
                </elements>
                <elements>
                    <description></description>
                    <id></id>
                    <layout/>
                    <style>-fx-spacing:1;</style>
                    <widgetType>Pane</widgetType>
                </elements>
            </value>
        </entry>
        <entry>
            <key>RESULT</key>
            <value>
                <elements>
                    <description>-width:600;-height:20;-layout:Horizontal;</description>
                    <id></id>
                    <layout>
                        <elements>
                            <description>-list-icons:ID_OSA_SWEEP_TYPE_SINGLE=url('file:///c:/Projects/workspace/workspace-kepler/OtdrSimulator2/icons/Hands-One-Finger-icon.png'), ID_OSA_SWEEP_TYPE_REPEAT=url('file:///c:/Projects/workspace/workspace-kepler/OtdrSimulator2/icons/Repeat-3-icon.png'), ID_OSA_SWEEP_TYPE_AVERAGE=url('file:///c:/Projects/workspace/workspace-kepler/OtdrSimulator2/icons/Sum-icon.png'), ID_OSA_SWEEP_TYPE_INBAND=url('file:///c:/Projects/workspace/workspace-kepler/OtdrSimulator2/icons/Brain-2-2-icon.png');</description>
                            <id>ID_OSA_SWEEP_TYPE</id>
                            <layout/>
                            <style>-fx-font-weight:bold;-fx-border-width:1;-fx-border-color:lightgray;-fx-padding:3;-fx-alignment:center;</style>
                            <widgetType>Toggle Buttons</widgetType>
                        </elements>
                        <elements>
                            <description>-width:180;</description>
                            <id>ID_OSA_ACTIVE_WAVEFORM_AVERAGE</id>
                            <layout/>
                            <style>-fx-font-size:16;-fx-font-weight:bold;-fx-border-width:1;-fx-border-color:lightgray;-fx-padding:3;-fx-alignment:top-center;</style>
                            <widgetType>Static Label</widgetType>
                        </elements>
                        <elements>
                            <description>-width:230;</description>
                            <id>ID_SERVER_STATE</id>
                            <layout/>
                            <style>-fx-font-size:16;-fx-font-weight:bold;-fx-border-width:1;-fx-border-color:lightgray;-fx-padding:3;-fx-alignment:top-left;</style>
                            <widgetType>Static Label</widgetType>
                        </elements>
                    </layout>
                    <style>-fx-border-width:1;-fx-spacing:5;-fx-padding:2;</style>
                    <widgetType>Pane</widgetType>
                </elements>
                <elements>
                    <description>;-layout:Horizontal;</description>
                    <id></id>
                    <layout>
                        <elements>
                            <description></description>
                            <id></id>
                            <layout>
<elements>
    <description>-width:790;-height:300;</description>
    <id>ID_OSA_TRACE</id>
    <layout/>
    <style></style>
    <widgetType>Scatter Chart</widgetType>
</elements>
<elements>
    <description>;-layout:Horizontal;-width:800;</description>
    <id></id>
    <layout>
        <elements>
            <description>-width:800;-height:200;-table-colwidth:60,200,200,200;</description>
            <id>ID_OSA_ONOFF_RESULT_TABLE</id>
            <layout/>
            <style>-fx-font-size:18;</style>
            <widgetType>Table</widgetType>
        </elements>
    </layout>
    <style>-fx-width:100; -fx-height:100;</style>
    <widgetType>Pane</widgetType>
</elements>
                            </layout>
                            <style>-fx-width:100; -fx-height:100;</style>
                            <widgetType>Pane</widgetType>
                        </elements>
                        <elements>
                            <description>-id:GUI_RESULT_SETUP;</description>
                            <id></id>
                            <layout>
<elements>
    <description>-layout:Vertical;</description>
    <id></id>
    <layout>
        <elements>
            <description>-width:130;-height:70;-list-icons:ID_OSA_START_STOP_START=url('file:///C:/Projects/MT1000_OSA/trunk/client/images/start-48.png'),ID_OSA_START_STOP_STOP=url('file:///C:/Projects/MT1000_OSA/trunk/client/images/stop-48.png');</description>
            <id>ID_OSA_START_STOP</id>
            <layout/>
            <style>-fx-font-size:25;-fx-font-weight:bold;-fx-padding:1;-fx-graphic:url('file:///C:/Projects/MT1000_OSA/trunk/client/images/start-48.png');</style>
            <widgetType>One Button</widgetType>
        </elements>
        <elements>
            <description></description>
            <id>ID_OSA_SWEEP_TYPE</id>
            <layout/>
            <style>-fx-font-size:16;-fx-border-width:1;-fx-padding:1;</style>
            <widgetType>Function Key</widgetType>
        </elements>
        <elements>
            <description></description>
            <id>ID_OSA_AVERAGE_COUNT</id>
            <layout/>
            <style>-fx-font-size:16;-fx-padding:1;</style>
            <widgetType>Function Key</widgetType>
        </elements>
        <elements>
            <description></description>
            <id>ID_OSA_START_WAVELENGTH_NM</id>
            <layout/>
            <style>-fx-font-size:16;-fx-padding:1;</style>
            <widgetType>Function Key</widgetType>
        </elements>
        <elements>
            <description></description>
            <id>ID_OSA_STOP_WAVELENGTH_NM</id>
            <layout/>
            <style>-fx-font-size:16;-fx-padding:1;</style>
            <widgetType>Function Key</widgetType>
        </elements>
        <elements>
            <description></description>
            <id>ID_OSA_CENTER_WAVELENGTH_NM</id>
            <layout/>
            <style>-fx-font-size:16;-fx-padding:1;</style>
            <widgetType>Function Key</widgetType>
        </elements>
        <elements>
            <description></description>
            <id>ID_OSA_START_STOP</id>
            <layout/>
            <style>-fx-padding:1;</style>
            <widgetType>Function Key</widgetType>
        </elements>
    </layout>
    <style>-fx-border-width:1;-fx-spacing:0;-fx-padding:0;</style>
    <widgetType>Pane</widgetType>
</elements>
                            </layout>
                            <style>-fx-border-width:1;-fx-spacing:0;</style>
                            <widgetType>Pane</widgetType>
                        </elements>
                    </layout>
                    <style>-fx-width:100; -fx-height:100;</style>
                    <widgetType>Pane</widgetType>
                </elements>
                <elements>
                    <description></description>
                    <id></id>
                    <layout>
                        <elements>
                            <description>-title-visible:false;-button-width:183;-items-per-line:5;</description>
                            <id>ID_OSA_BAND</id>
                            <layout/>
                            <style>-fx-font-size:14;</style>
                            <widgetType>Toggle Buttons</widgetType>
                        </elements>
                    </layout>
                    <style>-fx-border-width:1;-fx-padding:1;</style>
                    <widgetType>Pane</widgetType>
                </elements>
            </value>
        </entry>
        <entry>
            <key>New Tab</key>
            <value>
                <elements>
                    <description>-tabs:Measurement,Headers,Preferences,Advance</description>
                    <id></id>
                    <layout>
                        <elements>
                            <description>-width:600;</description>
                            <id></id>
                            <layout>
<elements>
    <description>-title-width:150;</description>
    <id>ID_OSA_ACTIVE_TRACE</id>
    <layout/>
    <style>-fx-font-size:20;</style>
    <widgetType>Toggle Buttons</widgetType>
</elements>
<elements>
    <description>-title-width:150;-table-colwidth:150;</description>
    <id>ID_OSA_SWEEP_TYPE</id>
    <layout/>
    <style>-fx-font-size:20;</style>
    <widgetType>Toggle Buttons</widgetType>
</elements>
<elements>
    <description>-title-width:150;</description>
    <id>ID_OSA_BAND</id>
    <layout/>
    <style>-fx-font-size:20;</style>
    <widgetType>Combo Box</widgetType>
</elements>
<elements>
    <description>-width:200;-title-width:150;</description>
    <id>ID_OSA_START_WAVELENGTH_NM</id>
    <layout/>
    <style>-fx-font-size:20;</style>
    <widgetType>Text Box</widgetType>
</elements>
<elements>
    <description>-title-width:150;</description>
    <id>ID_OSA_STOP_WAVELENGTH_NM</id>
    <layout/>
    <style>-fx-font-size:20;</style>
    <widgetType>Text Box</widgetType>
</elements>
<elements>
    <description>-title-width:150;</description>
    <id>ID_OSA_CENTER_WAVELENGTH_NM</id>
    <layout/>
    <style>-fx-font-size:20;</style>
    <widgetType>Text Box</widgetType>
</elements>
<elements>
    <description>-title-width:150;</description>
    <id>ID_OSA_SPAN_WAVELENGTH_NM</id>
    <layout/>
    <style>-fx-font-size:20;</style>
    <widgetType>Text Box</widgetType>
</elements>
<elements>
    <description>-title-width:150;</description>
    <id>ID_OSA_AVERAGE_COUNT</id>
    <layout/>
    <style>-fx-font-size:20;</style>
    <widgetType>Text Box</widgetType>
</elements>
                            </layout>
                            <style>-fx-font-size:20;-fx-spacing:4;-fx-padding:3,3,3,3;</style>
                            <widgetType>Pane</widgetType>
                        </elements>
                        <elements>
                            <description></description>
                            <id></id>
                            <layout>
<elements>
    <description>-title-width:150;</description>
    <id>ID_JOBID</id>
    <layout/>
    <style>-fx-font-size:20;</style>
    <widgetType>Text Box</widgetType>
</elements>
<elements>
    <description>-title-width:150;</description>
    <id>ID_CABLEID</id>
    <layout/>
    <style>-fx-font-size:20;</style>
    <widgetType>Text Box</widgetType>
</elements>
<elements>
    <description>-title-width:150;</description>
    <id>ID_FIBERID</id>
    <layout/>
    <style>-fx-font-size:20;</style>
    <widgetType>Text Box</widgetType>
</elements>
<elements>
    <description>-title-width:150;</description>
    <id>ID_CUSTOMER</id>
    <layout/>
    <style>-fx-font-size:20;</style>
    <widgetType>Text Box</widgetType>
</elements>
<elements>
    <description>-width:150;-title-width:150;</description>
    <id>ID_OWNER</id>
    <layout/>
    <style>-fx-font-size:20;</style>
    <widgetType>Text Box</widgetType>
</elements>
<elements>
    <description>-title-width:150;</description>
    <id>ID_OPERATOR</id>
    <layout/>
    <style>-fx-font-size:20;</style>
    <widgetType>Text Box</widgetType>
</elements>
<elements>
    <description>-title-width:150;</description>
    <id>ID_COMMENT</id>
    <layout/>
    <style>-fx-font-size:20;</style>
    <widgetType>Text Box</widgetType>
</elements>
                            </layout>
                            <style>-fx-font-size:20;-fx-spacing:4;-fx-padding:4,4,4,4;</style>
                            <widgetType>Pane</widgetType>
                        </elements>
                        <elements>
                            <description></description>
                            <id></id>
                            <layout>
<elements>
    <description></description>
    <id>ID_TRACEOVERVIEW</id>
    <layout/>
    <style>-fx-font-size:20;</style>
    <widgetType>Check Box</widgetType>
</elements>
<elements>
    <description>-title-width:200;</description>
    <id>ID_OSA_HORIZONTAL_UNIT</id>
    <layout/>
    <style>-fx-font-size:20;</style>
    <widgetType>Toggle Buttons</widgetType>
</elements>
<elements>
    <description></description>
    <id>ID_OSA_INBAND_NOISE_TRACE_SHOW</id>
    <layout/>
    <style>-fx-font-size:20</style>
    <widgetType>Check Box</widgetType>
</elements>
<elements>
    <description>-title-width:200;</description>
    <id>ID_OSA_VIEW_CHANNEL_RESULT</id>
    <layout/>
    <style>-fx-font-size:20;</style>
    <widgetType>Toggle Buttons</widgetType>
</elements>
<elements>
    <description></description>
    <id>ID_AUTOFILENAMEENABLED</id>
    <layout/>
    <style>-fx-font-size:20</style>
    <widgetType>Check Box</widgetType>
</elements>
<elements>
    <description>-title-width:200;</description>
    <id>ID_AUTOSAVESTARTNUMBER</id>
    <layout/>
    <style>-fx-font-size:20;</style>
    <widgetType>Text Box</widgetType>
</elements>
                            </layout>
                            <style>-fx-font-size:20;-fx-spacing:4;-fx-padding:4,4,4,4;</style>
                            <widgetType>Pane</widgetType>
                        </elements>
                        <elements>
                            <description></description>
                            <id></id>
                            <layout>
<elements>
    <description></description>
    <id>ID_CALIBRATION_MODE</id>
    <layout/>
    <style>-fx-font-size:20</style>
    <widgetType>Toggle Buttons</widgetType>
</elements>
<elements>
    <description>-title-width:150;</description>
    <id>ID_LAST_SUCCESS_WAVE_CAL_DATETIME</id>
    <layout/>
    <style>-fx-font-size:20;</style>
    <widgetType>Static Label</widgetType>
</elements>
<elements>
    <description>-title-width:150;</description>
    <id>ID_LAST_SUCCESS_LEVEL_CAL_DATETIME</id>
    <layout/>
    <style>-fx-font-size:20;</style>
    <widgetType>Static Label</widgetType>
</elements>
                            </layout>
                            <style>-fx-font-size:20;-fx-spacing:4;-fx-padding:4,4,4,4;</style>
                            <widgetType>Pane</widgetType>
                        </elements>
                    </layout>
                    <style>-fx-font-size:20</style>
                    <widgetType>Pane</widgetType>
                </elements>
                <elements>
                    <description></description>
                    <id></id>
                    <layout/>
                    <style>-fx-width:100; -fx-height:100;</style>
                    <widgetType>Pane</widgetType>
                </elements>
            </value>
        </entry>
        <entry>
            <key>OTDR</key>
            <value>
                <elements>
                    <description>-width:100;-height:100;-user-code:ChartUi;</description>
                    <id></id>
                    <layout/>
                    <style></style>
                    <widgetType>Universal</widgetType>
                </elements>
                <elements>
                    <description>-width:500;-height:100;-user-code:FiberVisualizerUi;</description>
                    <id></id>
                    <layout/>
                    <style>-fx-padding:20;-fx-background-image:url('file:///C:/Projects/MT1000_OTDR/svn_trunk_all/sw/client/images/fibervisualizer_base.png');</style>
                    <widgetType>Universal</widgetType>
                </elements>
                <elements>
                    <description>-width:1000;-height:600;-layout:Absolute;-x-position:0.0;-y-position:560.0;</description>
                    <id></id>
                    <layout>
                        <elements>
                            <description></description>
                            <id></id>
                            <layout>
<elements>
    <description>-title-width:150;</description>
    <id>ID_OTDR_DISTANCERANGE</id>
    <layout/>
    <style></style>
    <widgetType>Combo Box</widgetType>
</elements>
<elements>
    <description>-title-width:150;</description>
    <id>ID_OTDR_PULSEWIDTH</id>
    <layout/>
    <style></style>
    <widgetType>Combo Box</widgetType>
</elements>
<elements>
    <description>-title-width:150;</description>
    <id>ID_OTDR_DISTANCEUNIT</id>
    <layout/>
    <style>-fx-padding:1;</style>
    <widgetType>Combo Box</widgetType>
</elements>
<elements>
    <description></description>
    <id>ID_OTDR_START_STOP</id>
    <layout/>
    <style>-fx-padding:1;</style>
    <widgetType>One Button</widgetType>
</elements>
<elements>
    <description></description>
    <id>ID_OTDR_RESOLUTION</id>
    <layout/>
    <style>-fx-padding:1;</style>
    <widgetType>Combo Box</widgetType>
</elements>
<elements>
    <description></description>
    <id>ID_OTDR_MODE</id>
    <layout/>
    <style>-fx-padding:1;</style>
    <widgetType>Toggle Buttons</widgetType>
</elements>
                            </layout>
                            <style>-fx-padding:10;</style>
                            <widgetType>Pane</widgetType>
                        </elements>
                    </layout>
                    <style>-fx-border-width:1;-fx-padding:5;</style>
                    <widgetType>Pane</widgetType>
                </elements>
            </value>
        </entry>
        <entry>
            <key>Smartphone</key>
            <value>
                <elements>
                    <description>-width:1000;-height:1000;-layout:Absolute;</description>
                    <id></id>
                    <layout>
                        <elements>
                            <description>-width:453;-height:796;-x-position:273;-y-position:105;</description>
                            <id></id>
                            <layout>
<elements>
    <description>-layout:Horizontal;</description>
    <id></id>
    <layout>
        <elements>
            <description>-list-icons:ID_OSA_START_STOP_START=url('file:///C:/Projects/MT1000_OSA/trunk/client/images/start-48.png'),ID_OSA_START_STOP_STOP=url('file:///C:/Projects/MT1000_OSA/trunk/client/images/stop-48.png');</description>
            <id>ID_OSA_START_STOP</id>
            <layout/>
            <style>-fx-padding:1;</style>
            <widgetType>One Button</widgetType>
        </elements>
        <elements>
            <description>-width:40;</description>
            <id></id>
            <layout/>
            <style>-fx-border-width:1;-fx-padding:5;</style>
            <widgetType>Pane</widgetType>
        </elements>
        <elements>
            <description>-title-visible:true;-x-position:400;-y-position:100;</description>
            <id>ID_OSA_SWEEP_TYPE</id>
            <layout/>
            <style>-fx-padding:1;</style>
            <widgetType>Combo Box</widgetType>
        </elements>
    </layout>
    <style>-fx-border-width:1;-fx-padding:5;</style>
    <widgetType>Pane</widgetType>
</elements>
<elements>
    <description></description>
    <id>ID_OSA_BAND</id>
    <layout/>
    <style>-fx-padding:1;</style>
    <widgetType>Combo Box</widgetType>
</elements>
<elements>
    <description>-width:200;-title-width:100;</description>
    <id>ID_OSA_CENTER_WAVELENGTH_NM</id>
    <layout/>
    <style>-fx-padding:1;</style>
    <widgetType>Text Box</widgetType>
</elements>
<elements>
    <description></description>
    <id>ID_OSA_SPAN_WAVELENGTH_NM</id>
    <layout/>
    <style>-fx-padding:1;</style>
    <widgetType>Text Box</widgetType>
</elements>
<elements>
    <description>-width:300;</description>
    <id>ID_OSA_EVENT_TABLE_FAIL</id>
    <layout/>
    <style>-fx-font-size:30;-fx-font-weight:bold;-fx-padding:1;</style>
    <widgetType>Static Label</widgetType>
</elements>
<elements>
    <description>-width:426;-height:250;</description>
    <id>ID_OSA_TRACE</id>
    <layout/>
    <style>-fx-padding:0;</style>
    <widgetType>Scatter Chart</widgetType>
</elements>
<elements>
    <description>-width:425;-height:120;-table-colwidth:20,140,115,115;</description>
    <id>ID_OSA_ONOFF_RESULT_TABLE</id>
    <layout/>
    <style>-fx-padding:1;</style>
    <widgetType>Table</widgetType>
</elements>
<elements>
    <description>-width:420;-height:160;-user-code:FiberVisualizerUi;</description>
    <id></id>
    <layout/>
    <style></style>
    <widgetType>Universal</widgetType>
</elements>
<elements>
    <description>-height:50;</description>
    <id>ID_OTDR_START_STOP</id>
    <layout/>
    <style>-fx-padding:1;</style>
    <widgetType>Function Key</widgetType>
</elements>
                            </layout>
                            <style>-fx-background-color:white;-fx-border-width:1;-fx-padding:5;</style>
                            <widgetType>Pane</widgetType>
                        </elements>
                    </layout>
                    <style>-fx-border-width:1;-fx-padding:5;-fx-background-image:url('file:///C:/Projects/workspace/workspace-kepler/OtdrSimulator2/icons/google-smartphone.jpg');</style>
                    <widgetType>Pane</widgetType>
                </elements>
                <elements>
                    <description></description>
                    <id></id>
                    <layout/>
                    <style></style>
                    <widgetType>Universal</widgetType>
                </elements>
            </value>
        </entry>
        <entry>
            <key>tablet</key>
            <value>
                <elements>
                    <description>-width:1000;-height:640;-layout:Absolute;-x-position:0.0;-y-position:0.0;</description>
                    <id></id>
                    <layout>
                        <elements>
                            <description>-width:760;-height:430;-layout:Absolute;-x-position:124.0;-y-position:101.0;</description>
                            <id></id>
                            <layout>
<elements>
    <description>-layout:Horizontal;-x-position:0.0;-y-position:0.0;</description>
    <id></id>
    <layout/>
    <style>-fx-border-width:1;-fx-padding:5;</style>
    <widgetType>Pane</widgetType>
</elements>
<elements>
    <description>-height:135;-x-position:0.0;-y-position:295.0;</description>
    <id></id>
    <layout>
        <elements>
            <description>-title-width:120;</description>
            <id>ID_OTDR_MODE</id>
            <layout/>
            <style>-fx-padding:1;</style>
            <widgetType>Toggle Buttons</widgetType>
        </elements>
        <elements>
            <description>-title-width:120;</description>
            <id>ID_OTDR_RESOLUTION</id>
            <layout/>
            <style>-fx-padding:1;</style>
            <widgetType>Toggle Buttons</widgetType>
        </elements>
        <elements>
            <description>-title-width:120;</description>
            <id>ID_OTDR_PULSEWIDTH</id>
            <layout/>
            <style>-fx-padding:1;</style>
            <widgetType>Toggle Buttons</widgetType>
        </elements>
        <elements>
            <description>-title-width:120;</description>
            <id>ID_OTDR_DISTANCERANGE</id>
            <layout/>
            <style>-fx-padding:1;</style>
            <widgetType>Combo Box</widgetType>
        </elements>
    </layout>
    <style>-fx-border-width:1;-fx-padding:0;</style>
    <widgetType>Pane</widgetType>
</elements>
<elements>
    <description>-height:270;-x-position:3.0;-y-position:25.0;</description>
    <id></id>
    <layout>
        <elements>
            <description>-width:620;-height:260;-user-code:FiberVisualizerUi;-x-position:300;-y-position:10;</description>
            <id></id>
            <layout/>
            <style>-fx-background-image:url('file:///C:/Projects/MT1000_OTDR/svn_trunk_all/sw/client/images/fibervisualizer_base.png');</style>
            <widgetType>Universal</widgetType>
        </elements>
    </layout>
    <style>-fx-border-width:0;-fx-padding:0;</style>
    <widgetType>Pane</widgetType>
</elements>
<elements>
    <description>-width:100;-height:300;-x-position:638.0;-y-position:2.0;</description>
    <id></id>
    <layout>
        <elements>
            <description>-width:120;-height:60;</description>
            <id>ID_OTDR_START_STOP</id>
            <layout/>
            <style>-fx-padding:1;</style>
            <widgetType>One Button</widgetType>
        </elements>
        <elements>
            <description>-width:120;-height:60;</description>
            <id>ID_OTDR_PULSEWIDTH</id>
            <layout/>
            <style>-fx-padding:1;</style>
            <widgetType>Function Key</widgetType>
        </elements>
        <elements>
            <description>-width:120;-height:60;</description>
            <id>ID_OTDR_DISTANCERANGE</id>
            <layout/>
            <style>-fx-padding:1;</style>
            <widgetType>Function Key</widgetType>
        </elements>
        <elements>
            <description>-width:120;</description>
            <id>ID_OTDR_DISTANCEUNIT</id>
            <layout/>
            <style>-fx-padding:1;</style>
            <widgetType>Function Key</widgetType>
        </elements>
    </layout>
    <style>-fx-border-width:1;-fx-padding:2;</style>
    <widgetType>Pane</widgetType>
</elements>
<elements>
    <description>-height:100;-x-position:472.0;-y-position:303.0;</description>
    <id></id>
    <layout>
        <elements>
            <description></description>
            <id>ID_FIBERID</id>
            <layout/>
            <style>-fx-padding:1;</style>
            <widgetType>Text Box</widgetType>
        </elements>
    </layout>
    <style>-fx-border-width:3;-fx-padding:5;</style>
    <widgetType>Pane</widgetType>
</elements>
                            </layout>
                            <style>-fx-background-color:white;-fx-border-width:0;-fx-padding:0;</style>
                            <widgetType>Pane</widgetType>
                        </elements>
                    </layout>
                    <style>-fx-border-width:0;-fx-padding:0;-fx-background-image:url('file:///C:/Projects/workspace/workspace-kepler/OtdrSimulator2/icons/anritsu-mt1000a-otdr.jpg');</style>
                    <widgetType>Pane</widgetType>
                </elements>
            </value>
        </entry>
    </layouts>
</layoutHolder>
