{"properties":{"ID_CONTENT":{"id":"ID_CONTENT","type":"List","title":"Content","defaultValue":"","defaultId":"ID_CONTENT_CALCULATION","group":"","arraySize":1,"options":{"ID_CONTENT_CALCULATION":{"id":"ID_CONTENT_CALCULATION","title":"Calculation","comment":""},"ID_CONTENT_RESULT":{"id":"ID_CONTENT_RESULT","title":"Result","comment":""},"ID_CONTENT_SUMMARY":{"id":"ID_CONTENT_SUMMARY","title":"Summary","comment":""}},"min":0.0,"max":0.0,"decimals":0,"maxLength":9999,"unit":"","persistent":true,"comment":""},"ID_TIME":{"id":"ID_TIME","type":"Text","title":"Time","defaultValue":"","defaultId":"","group":"","arraySize":1,"options":{},"min":0.0,"max":0.0,"decimals":0,"maxLength":9999,"unit":"","persistent":true,"comment":""},"ID_RANGE":{"id":"ID_RANGE","type":"Numeric","title":"Range","defaultValue":"","defaultId":"","group":"","arraySize":1,"options":{},"min":0.0,"max":0.0,"decimals":0,"maxLength":9999,"unit":"","persistent":true,"comment":""}}}
