{"panes":{"GUI":{"layout":"VERTICAL","widgets":[{"layout":"HORIZONTAL","widgets":[{"layout":"VERTICAL","widgets":[],"caption":"","field":"VALUE","titldField":"STATICTEXT","type":"ToggleButton","id":"ID_CONTENT","subId":"ID_CONTENT_CALCULATION","css":[{"key":"display","value":"inline-block"}],"text":null,"optional":"","volatileInfo":[],"widgetId":"WID5"},{"layout":"VERTICAL","widgets":[],"caption":"","field":"VALUE","titldField":"STATICTEXT","type":"ToggleButton","id":"ID_CONTENT","subId":"ID_CONTENT_RESULT","css":[{"key":"display","value":"inline-block"}],"text":null,"optional":"","volatileInfo":[],"widgetId":"WID6"},{"layout":"VERTICAL","widgets":[],"caption":"","field":"VALUE","titldField":"STATICTEXT","type":"ToggleButton","id":"ID_CONTENT","subId":"ID_CONTENT_SUMMARY","css":[{"key":"display","value":"inline-block"}],"text":null,"optional":"","volatileInfo":[],"widgetId":"WID7"}],"caption":"","field":"NONE","titldField":"STATICTEXT","type":"Pane","id":"ID_CONTENT","subId":"","css":[{"key":"display","value":"block"},{"key":"width","value":"389.9884"},{"key":"height","value":"79.9884"}],"text":null,"optional":"","volatileInfo":[],"widgetId":"WID3"},{"layout":"HORIZONTAL","widgets":[],"caption":"","field":"NONE","titldField":"STATICTEXT","type":"Pane","id":"ID_CONTENT","subId":"ID_CONTENT_CALCULATION","css":[{"key":"display","value":"block"},{"key":"width","value":"379.9884"},{"key":"height","value":"244.9884"}],"text":null,"optional":"","volatileInfo":[],"widgetId":"WID4"}],"caption":"","field":"NONE","titldField":"STATICTEXT","type":"Pane","id":"","subId":"","css":[{"key":"position","value":"absolute"},{"key":"width","value":"800"},{"key":"height","value":"600"},{"key":"border-style","value":"dashed"},{"key":"border-width","value":"1px"}],"text":null,"optional":"","volatileInfo":[],"widgetId":"WID2"}}}
