<?xml version="1.0" encoding="UTF-8" standalone="yes"?>
<propertyHolder>
    <properties>
        <comment></comment>
        <id>ID_NEW_PROPERRTY</id>
        <listDetail>
            <id>ID_NEW_PROPERRTY_NEW_MEMBER</id>
            <comment></comment>
            <title>New Member</title>
        </listDetail>
        <others></others>
        <others>New Member,</others>
        <others>ID_NEW_PROPERRTY_NEW_MEMBER</others>
        <others></others>
        <title>Untitled</title>
        <type>ListProperty</type>
    </properties>
    <types>
        <definitions>
            <entry>
                <key>ListProperty</key>
                <value>
                    <list>unit</list>
                    <list>choices</list>
                    <list>defaultKey</list>
                    <list>persistent</list>
                </value>
            </entry>
            <entry>
                <key>TextProperty</key>
                <value>
                    <list>defaultValue</list>
                    <list>maxLength</list>
                    <list>persistent</list>
                </value>
            </entry>
            <entry>
                <key>BooleanProperty</key>
                <value>
                    <list>defaultValue</list>
                    <list>persistent</list>
                </value>
            </entry>
            <entry>
                <key>SmartFileNameProperty</key>
                <value>
                    <list>defaultValue</list>
                </value>
            </entry>
            <entry>
                <key>LongProperty</key>
                <value>
                    <list>unit</list>
                    <list>defaultValue</list>
                    <list>min</list>
                    <list>max</list>
                    <list>persistent</list>
                </value>
            </entry>
            <entry>
                <key>FolderLocationProperty</key>
                <value>
                    <list>defaultValue</list>
                    <list>maxLength</list>
                    <list>persistent</list>
                </value>
            </entry>
            <entry>
                <key>FreqWLProperty</key>
                <value>
                    <list>wlUnit</list>
                    <list>freqUnit</list>
                    <list>defaultValue</list>
                    <list>min</list>
                    <list>max</list>
                    <list>persistent</list>
                </value>
            </entry>
            <entry>
                <key>ActionProperty</key>
                <value/>
            </entry>
            <entry>
                <key>NumericListProperty</key>
                <value>
                    <list>defaultValue</list>
                    <list>persistent</list>
                </value>
            </entry>
            <entry>
                <key>ServerStateProperty</key>
                <value>
                    <list>unit</list>
                    <list>choices</list>
                    <list>defaultKey</list>
                    <list>persistent</list>
                </value>
            </entry>
            <entry>
                <key>DoubleFreeWordNoneProperty</key>
                <value>
                    <list>textId</list>
                    <list>unit</list>
                    <list>none</list>
                    <list>defaultValue</list>
                    <list>min</list>
                    <list>max</list>
                    <list>decimal</list>
                    <list>persistent</list>
                </value>
            </entry>
            <entry>
                <key>LabelProperty</key>
                <value>
                    <list>defaultValue</list>
                    <list>maxLength</list>
                    <list>persistent</list>
                </value>
            </entry>
            <entry>
                <key>DoubleProperty</key>
                <value>
                    <list>unit</list>
                    <list>defaultValue</list>
                    <list>min</list>
                    <list>max</list>
                    <list>decimal</list>
                    <list>persistent</list>
                    <list>unknown</list>
                </value>
            </entry>
            <entry>
                <key>IfPossibleActionProperty</key>
                <value>
                    <list>enableProperty</list>
                </value>
            </entry>
            <entry>
                <key>HorizontalValueProperty</key>
                <value>
                    <list>unit</list>
                    <list>defaultValue</list>
                    <list>min</list>
                    <list>max</list>
                    <list>persistent</list>
                </value>
            </entry>
            <entry>
                <key>MessageProperty</key>
                <value>
                    <list>unit</list>
                    <list>choices</list>
                    <list>defaultKey</list>
                    <list>persistent</list>
                </value>
            </entry>
            <entry>
                <key>ResponseProperty</key>
                <value/>
            </entry>
            <entry>
                <key>ErrorCodeProperty</key>
                <value>
                    <list>defaultValue</list>
                    <list>min</list>
                    <list>max</list>
                    <list>persistent</list>
                </value>
            </entry>
            <entry>
                <key>SweepBandProperty</key>
                <value>
                    <list>unit</list>
                    <list>choices</list>
                    <list>defaultKey</list>
                    <list>persistent</list>
                </value>
            </entry>
            <entry>
                <key>TraceListProperty</key>
                <value>
                    <list>choices</list>
                    <list>defaultKey</list>
                </value>
            </entry>
            <entry>
                <key>OsaTableProperty</key>
                <value>
                    <list>persistent</list>
                </value>
            </entry>
            <entry>
                <key>DoubleNoneProperty</key>
                <value>
                    <list>unit</list>
                    <list>none</list>
                    <list>defaultValue</list>
                    <list>min</list>
                    <list>max</list>
                    <list>decimal</list>
                    <list>persistent</list>
                </value>
            </entry>
            <entry>
                <key>DeltaLambdaFreqProperty</key>
                <value>
                    <list>unit</list>
                    <list>none</list>
                    <list>defaultValue</list>
                    <list>min</list>
                    <list>max</list>
                    <list>decimal</list>
                    <list>persistent</list>
                </value>
            </entry>
            <entry>
                <key>ElapsedTimeProperty</key>
                <value>
                    <list>day</list>
                    <list>time</list>
                    <list>minDay</list>
                    <list>minTime</list>
                    <list>maxDay</list>
                    <list>maxTime</list>
                    <list>persistent</list>
                </value>
            </entry>
            <entry>
                <key>TimeProperty</key>
                <value>
                    <list>defaultVal</list>
                    <list>min</list>
                    <list>max</list>
                    <list>persistent</list>
                </value>
            </entry>
            <entry>
                <key>DateTimeProperty</key>
                <value>
                    <list>persistent</list>
                </value>
            </entry>
            <entry>
                <key>JobCompleteCheckProperty</key>
                <value/>
            </entry>
            <entry>
                <key>User</key>
                <value/>
            </entry>
            <entry>
                <key>TableProperty</key>
                <value/>
            </entry>
            <entry>
                <key>TableProperty2</key>
                <value/>
            </entry>
        </definitions>
    </types>
</propertyHolder>
