<?xml version="1.0" encoding="UTF-8" standalone="yes"?>
<layoutHolder>
    <layouts>
        <entry>
            <key>New Tab</key>
            <value>
                <elements>
                    <description>-width:500;-height:500;-layout:Absolute;-x-position:0.0;-y-position:0.0;</description>
                    <id></id>
                    <layout>
                        <elements>
                            <description>-width:100;-height:100;-x-position:289.0;-y-position:139.0;</description>
                            <id></id>
                            <layout>
<elements>
    <description>-width:300;</description>
    <id>ID_NEW_PROPERRTY</id>
    <layout/>
    <style>-fx-padding:1;</style>
    <widgetType>Radio Buttons</widgetType>
</elements>
                            </layout>
                            <style>-fx-border-width:1;-fx-padding:5;</style>
                            <widgetType>Pane</widgetType>
                        </elements>
                        <elements>
                            <description></description>
                            <id>ID_NEW_PROPERRTY</id>
                            <layout/>
                            <style>-fx-padding:1;</style>
                            <widgetType>Radio Buttons</widgetType>
                        </elements>
                    </layout>
                    <style>-fx-border-width:1;-fx-padding:5;</style>
                    <widgetType>Pane</widgetType>
                </elements>
            </value>
        </entry>
    </layouts>
</layoutHolder>
