<?xml version="1.0" encoding="UTF-8" standalone="yes"?>
<registerShortCutHolder>
    <shortcuts>
        <bitName>Average</bitName>
        <interrupt>true</interrupt>
        <regName>Hardkey</regName>
    </shortcuts>
    <shortcuts>
        <bitName>Realtime</bitName>
        <interrupt>true</interrupt>
        <regName>Hardkey</regName>
    </shortcuts>
    <shortcuts>
        <bitName>MENU</bitName>
        <interrupt>true</interrupt>
        <regName>HARDKEY</regName>
    </shortcuts>
    <shortcuts>
        <bitName>FILE</bitName>
        <interrupt>true</interrupt>
        <regName>HARDKEY</regName>
    </shortcuts>
</registerShortCutHolder>
