<?xml version="1.0" encoding="UTF-8" standalone="yes"?>
<specElement>
    <children>
        <children>
            <children>
                <description></description>
                <name>［機能］
・測定ポイントに応じた波長感度データ作成処理を行う。
　測定ポイント数は、ソフトにより、掃引波長範囲とサンプリング周波数から計算する。
※ユーザによる測定ポイントの変更機能は無い。

・ミラーを現在位置から、測定波長位置に移動する。
・測定ポイントに応じたミラー駆動データを求める。
・掃引開始・終了、測定開始位置、および、測定ポイント数を与える。

［入出力情報］
　　（１）処理要求（測定部からの割り込み）
　　測定掃引波長設定を、送られてくる各種データを考慮して処理する。
   測定波長範囲は、125０～１650 nmである。
</name>
                <type>Spec</type>
            </children>
            <description></description>
            <name>波長／測定ポイント変更（スペクトラム測定）</name>
            <type>Node</type>
        </children>
        <children>
            <children>
                <description></description>
                <name>ハードウェアによる分解能の切替機能はない。
ソフトウェア上で、畳み込み演算によりスペクトル波形の分解能を切り替える処理も実施しない。
</name>
                <type>Spec</type>
            </children>
            <description></description>
            <name>分解能変更</name>
            <type>Node</type>
        </children>
        <children>
            <children>
                <description></description>
                <name>[概要]
受光回路のレンジ (帰還抵抗) の誤差を補正する。
分光部の構成変更に伴い、S波の演算は実施しない。

[処理]
マージ後データ（§4.5.34）に
レンジ補正テーブル（§4.3.13）を掛け、レンジ補正後データ（§4.5.35）を作成する。
RLp[i]＝レンジ補正テーブルP[MGp[i]]×MLp[i]
RLs[i]＝レンジ補正テーブルS[MGs[i]]×MLs[i]

ここで、
i：ポインタ（＝0,1,2,･･･）
MGp[i]、MGs[i]：　マージ後レンジデータP, S（§4.5.34）
MLp[i]、MLs[i]：　マージ後レベルデータP, S（§4.5.34）

[関連補正値]
レンジ補正テーブル
機器固有	受光回路のゲインについて、ハード起因 (特に帰還抵抗の定数) により生じる誤差を補正する。

</name>
                <type>Spec</type>
            </children>
            <description></description>
            <name>受光回路のレンジ（帰還抵抗）変更</name>
            <type>Node</type>
        </children>
        <children>
            <children>
                <description></description>
                <name>ポイントアベレージ機能はなし
※モータの動作仕様上、波長ごとに停止させる制御はできないため実現不可
※スイープアベレージ機能は対応する
</name>
                <type>Spec</type>
            </children>
            <description></description>
            <name>アベレージ・ポイント変更（機能無し）</name>
            <type>Node</type>
        </children>
        <children>
            <description></description>
            <name>スペクトラム測定処理</name>
            <type>Node</type>
        </children>
        <children>
            <description></description>
            <name>掃引開始前イニシャル処理</name>
            <type>Node</type>
        </children>
        <children>
            <description></description>
            <name>掃引開始位置移動処理</name>
            <type>Node</type>
        </children>
        <children>
            <description></description>
            <name>掃引開始処理</name>
            <type>Node</type>
        </children>
        <children>
            <description></description>
            <name>サンプリングデータの読み込み処理</name>
            <type>Node</type>
        </children>
        <children>
            <description></description>
            <name>レベルリニアリティ補正処理</name>
            <type>Node</type>
        </children>
        <children>
            <description></description>
            <name>レンジ補正処理</name>
            <type>Node</type>
        </children>
        <children>
            <description></description>
            <name>IIRフィルタ処理</name>
            <type>Node</type>
        </children>
        <children>
            <description></description>
            <name>リサンプリング処理</name>
            <type>Node</type>
        </children>
        <children>
            <description></description>
            <name>感度補正処理</name>
            <type>Node</type>
        </children>
        <children>
            <description></description>
            <name>スペクトルデータ計算処理</name>
            <type>Node</type>
        </children>
        <children>
            <description></description>
            <name>サンプリング停止確認処理</name>
            <type>Node</type>
        </children>
        <children>
            <description></description>
            <name>２点間移動開始処理</name>
            <type>Node</type>
        </children>
        <children>
            <description></description>
            <name>２点間移動完了確認処理</name>
            <type>Node</type>
        </children>
        <children>
            <description></description>
            <name>ミラー設定処理</name>
            <type>Node</type>
        </children>
        <children>
            <description></description>
            <name>受光レベル読み込み処理</name>
            <type>Node</type>
        </children>
        <children>
            <description></description>
            <name>受光レベル演算処理</name>
            <type>Node</type>
        </children>
        <children>
            <description></description>
            <name>波長感度データ作成処理</name>
            <type>Node</type>
        </children>
        <children>
            <description></description>
            <name>温度モニタ処理</name>
            <type>Node</type>
        </children>
        <children>
            <description></description>
            <name>測定開始・イニシャル処理</name>
            <type>Node</type>
        </children>
        <children>
            <description></description>
            <name>測定開始処理</name>
            <type>Node</type>
        </children>
        <children>
            <description></description>
            <name>測定停止処理</name>
            <type>Node</type>
        </children>
        <children>
            <description></description>
            <name>OSAアプリケーション起動時のイニシャル処理</name>
            <type>Node</type>
        </children>
        <children>
            <description></description>
            <name>RAM,I/O,ステータス関連のイニシャル処理</name>
            <type>Node</type>
        </children>
        <children>
            <description></description>
            <name>エンコーダモータのイニシャル処理</name>
            <type>Node</type>
        </children>
        <children>
            <description></description>
            <name>偏波コントローライニシャル処理</name>
            <type>Node</type>
        </children>
        <description></description>
        <name>スペクトラム測定</name>
        <type>Node</type>
    </children>
    <children>
        <children>
            <description></description>
            <name>測定開始処理</name>
            <type>Node</type>
        </children>
        <children>
            <description></description>
            <name>測定停止処理</name>
            <type>Node</type>
        </children>
        <children>
            <description></description>
            <name>OSAアプリケーション起動時のイニシャル処理</name>
            <type>Node</type>
        </children>
        <children>
            <description></description>
            <name>RAM,I/O,ステータス関連のイニシャル処理</name>
            <type>Node</type>
        </children>
        <children>
            <description></description>
            <name>エンコーダモータのイニシャル処理</name>
            <type>Node</type>
        </children>
        <children>
            <description></description>
            <name>偏波コントローライニシャル処理</name>
            <type>Node</type>
        </children>
        <description></description>
        <name>測定開始・イニシャル処理</name>
        <type>Node</type>
    </children>
    <children>
        <description></description>
        <name>エラー処理</name>
        <type>Node</type>
    </children>
    <children>
        <description></description>
        <name>オフセット処理</name>
        <type>Node</type>
    </children>
    <children>
        <description></description>
        <name>基準光On処理</name>
        <type>Node</type>
    </children>
    <children>
        <description></description>
        <name>基準光Off処理</name>
        <type>Node</type>
    </children>
    <children>
        <description></description>
        <name>基準光On処理</name>
        <type>Node</type>
    </children>
    <children>
        <description></description>
        <name>基準光Off処理</name>
        <type>Node</type>
    </children>
    <children>
        <description></description>
        <name>ミラー位置算出処理</name>
        <type>Node</type>
    </children>
    <children>
        <description></description>
        <name>偏波コントローラ制御処</name>
        <type>Node</type>
    </children>
    <children>
        <description></description>
        <name>PDモニタ処理</name>
        <type>Node</type>
    </children>
    <children>
        <children>
            <description></description>
            <name>Calibration処理</name>
            <type>Node</type>
        </children>
        <children>
            <description></description>
            <name>波長誤差計算処理</name>
            <type>Node</type>
        </children>
        <children>
            <description></description>
            <name>基準光スペクトルデータ補正処理</name>
            <type>Node</type>
        </children>
        <children>
            <description></description>
            <name>エタロン波長テーブル計算処理</name>
            <type>Node</type>
        </children>
        <children>
            <description></description>
            <name>エタロン波長誤差テーブル（§4.5.3）の計算処理</name>
            <type>Node</type>
        </children>
        <children>
            <description></description>
            <name>波長calibration計算処理</name>
            <type>Node</type>
        </children>
        <description></description>
        <name>波長calibration機能</name>
        <type>Node</type>
    </children>
    <children>
        <description></description>
        <name>レベルcalibration機能1</name>
        <type>Node</type>
    </children>
    <children>
        <description></description>
        <name>レベルcalibration機能2</name>
        <type>Node</type>
    </children>
    <children>
        <description></description>
        <name>In-band</name>
        <type>Node</type>
    </children>
    <children>
        <children>
            <description></description>
            <name>調整用機能一覧</name>
            <type>Node</type>
        </children>
        <children>
            <description></description>
            <name>テーブルデータのRead／Write</name>
            <type>Node</type>
        </children>
        <children>
            <description></description>
            <name>A／D変換処理</name>
            <type>Node</type>
        </children>
        <children>
            <description></description>
            <name>D／A変換処理</name>
            <type>Node</type>
        </children>
        <children>
            <description></description>
            <name>LD温度読み込み処理</name>
            <type>Node</type>
        </children>
        <children>
            <description></description>
            <name>光スイッチ設定処理</name>
            <type>Node</type>
        </children>
        <children>
            <description></description>
            <name>偏波コントローラ制御機能</name>
            <type>Node</type>
        </children>
        <children>
            <description></description>
            <name>ミラー駆動用フォトインタラプタ制御機能</name>
            <type>Node</type>
        </children>
        <children>
            <description></description>
            <name>LD駆動電流値制御機能</name>
            <type>Node</type>
        </children>
        <children>
            <description></description>
            <name>メカ・イニシャル処理</name>
            <type>Node</type>
        </children>
        <children>
            <description></description>
            <name>モーションコントロール処理</name>
            <type>Node</type>
        </children>
        <children>
            <description></description>
            <name>I／OのRead／Write処理</name>
            <type>Node</type>
        </children>
        <children>
            <description></description>
            <name>デバッグ用キャプチャ機能</name>
            <type>Node</type>
        </children>
        <description></description>
        <name>調整／デバッグ用機能</name>
        <type>Node</type>
    </children>
    <description></description>
    <name>MT1000A OSA</name>
    <type>Node</type>
</specElement>
