<?xml version="1.0" encoding="UTF-8" standalone="yes"?>
<layoutHolder>
    <layouts>
        <entry>
            <key>Settings</key>
            <value>
                <elements>
                    <description></description>
                    <id></id>
                    <layout>
                        <elements>
                            <description></description>
                            <id>ID_SQA_MODE</id>
                            <layout/>
                            <style>-fx-padding:1;</style>
                            <widgetType>Radio Buttons</widgetType>
                        </elements>
                    </layout>
                    <style>-fx-padding:5;-fx-border-width:1; -fx-border-color:lightgray;</style>
                    <widgetType>Pane</widgetType>
                </elements>
            </value>
        </entry>
    </layouts>
</layoutHolder>
